company,total_positive_unilateral,avg_score_unilateral,pct_positive_unilateral,total_positive_liability_limitation,avg_score_liability_limitation,pct_positive_liability_limitation,total_positive_governing_law_clause,avg_score_governing_law_clause,pct_positive_governing_law_clause,total_positive_indemnity,avg_score_indemnity,pct_positive_indemnity,total_positive_choice_of_venue,avg_score_choice_of_venue,pct_positive_choice_of_venue,total_positive_confidentiality,avg_score_confidentiality,pct_positive_confidentiality,total_positive_arbitration,avg_score_arbitration,pct_positive_arbitration,unilateral_percentile,unilateral_rank,liability_limitation_percentile,liability_limitation_rank,governing_law_clause_percentile,governing_law_clause_rank,indemnity_percentile,indemnity_rank,choice_of_venue_percentile,choice_of_venue_rank,confidentiality_percentile,confidentiality_rank,arbitration_percentile,arbitration_rank,name,type,country,avg_rank
nintendo.com.txt,6,0.49589065081174827,0.5454545454545454,1,0.17053693101297415,0.09090909090909091,1,0.14829366319963733,0.09090909090909091,2,0.2868239037296672,0.2222222222222222,1,0.13358026687230204,0.09090909090909091,1,0.2026681354417873,0.09090909090909091,2,0.21428128805935928,0.18181818181818182,0.8108108108108107,14.0,0.467741935483871,33.0,0.75,12.0,0.9607843137254902,2.0,0.8571428571428572,6.0,0.7575757575757576,8.0,0.75,12.0,Nintendo,Gaming,Japan,12.428571428571429
Xiaomi.txt,6,0.5368397100860945,0.6666666666666666,2,0.2638885203173136,0.2,1,0.20478996949907768,0.1111111111111111,2,0.3508557711151006,0.2222222222222222,0,0.07870129308210017,0.0,1,0.25000349227216173,0.1111111111111111,1,0.1415815289224215,0.1111111111111111,0.9189189189189189,6.0,0.8548387096774194,9.0,0.8125,9.0,0.9607843137254902,2.0,0.0,42.0,0.8484848484848485,5.0,0.5416666666666667,22.0,Xiaomi,Electronics,China,13.571428571428571
ViaVan.txt,8,0.4841314279154243,0.42105263157894735,4,0.24820015653213778,0.21052631578947367,1,0.14613314705177985,0.05263157894736842,4,0.27488381274984114,0.21052631578947367,1,0.10984971461596672,0.05263157894736842,1,0.2010570883572052,0.05263157894736842,2,0.15252448353473258,0.10526315789473684,0.6081081081081081,29.0,0.8709677419354839,8.0,0.47916666666666663,25.0,0.9411764705882353,3.0,0.5714285714285714,18.0,0.4545454545454546,18.0,0.5208333333333333,23.0,Via,Software,United States,17.714285714285715
sap.com.txt,8,0.4993338610318979,0.5333333333333333,5,0.32197816249323163,0.3125,1,0.17406916007806406,0.06666666666666667,1,0.1972770050794838,0.06666666666666667,1,0.12023268313175005,0.0625,2,0.24507472132602126,0.13333333333333333,0,0.05768988453341894,0.0,0.7972972972972973,15.0,0.967741935483871,2.0,0.625,18.0,0.4901960784313726,26.0,0.6666666666666667,14.0,0.9393939393939394,2.0,0.0,48.0,SAP,Software,Germany,17.857142857142858
Spotify.txt,11,0.44601478073739126,0.44,2,0.1672352834676857,0.08,2,0.1728310941381036,0.08333333333333333,2,0.1879831129053546,0.08333333333333333,2,0.13524392150580877,0.08,2,0.23245402426673423,0.08333333333333333,3,0.18845716940401191,0.125,0.6351351351351351,27.0,0.4193548387096774,36.0,0.7291666666666667,13.0,0.5882352941176471,21.0,0.8095238095238095,8.0,0.7272727272727273,9.0,0.625,18.0,Spotify,Streaming,Sweden,18.857142857142858
kayak.com.txt,10,0.4875432953026046,0.5555555555555556,1,0.1931293635892705,0.05263157894736842,1,0.14600814464732523,0.05555555555555555,1,0.22590335399958814,0.0625,2,0.1714798398460251,0.1111111111111111,2,0.28098217457463537,0.1111111111111111,2,0.17565487366106286,0.11764705882352941,0.8243243243243243,13.0,0.22580645161290325,48.0,0.5208333333333333,23.0,0.47058823529411764,27.0,0.9047619047619048,4.0,0.8484848484848485,5.0,0.5833333333333333,20.0,Kayak,Travel,United States,20.0
DesignContest.txt,14,0.54266790908796,0.7,3,0.24187786505059106,0.14285714285714285,1,0.14597580860622678,0.05,3,0.24131259293567328,0.15,1,0.11472550511371357,0.05,1,0.24045170992121898,0.05,0,0.08480695831330794,0.0,0.9324324324324325,5.0,0.7096774193548387,18.0,0.45833333333333337,26.0,0.8627450980392157,7.0,0.5476190476190477,19.0,0.4242424242424242,19.0,0.0,48.0,DesignContest,eCommerce,United States,20.285714285714285
Pinterest.txt,7,0.49897468886862134,0.4666666666666667,2,0.2184397035852034,0.13333333333333333,1,0.19385923368788796,0.07142857142857142,1,0.18518696958495456,0.07142857142857142,1,0.13792701021815912,0.06666666666666667,0,0.2092608983313867,0.0,2,0.2078851700503636,0.14285714285714285,0.7162162162162162,21.0,0.6774193548387097,20.0,0.6666666666666667,16.0,0.5098039215686274,25.0,0.6904761904761905,13.0,0.0,33.0,0.6666666666666667,16.0,Pinterest,Social Media,United States,20.571428571428573
GetJar.txt,9,0.4647714448854781,0.5,4,0.22520704021770235,0.2222222222222222,1,0.1400291499810109,0.05555555555555555,2,0.21945623950081733,0.11764705882352941,1,0.1350913459182126,0.05555555555555555,0,0.19739190278683003,0.0,1,0.113745195974789,0.058823529411764705,0.7432432432432432,19.0,0.9032258064516129,6.0,0.5208333333333333,23.0,0.7058823529411764,15.0,0.5952380952380952,17.0,0.0,33.0,0.33333333333333337,32.0,GETJAR,Software,Lithuania,20.714285714285715
segaus.txt,4,0.6148497024604985,0.8,2,0.5063338290261459,0.4,0,0.1287584814371884,0.0,1,0.34277831109802454,0.2,0,0.0938814500238142,0.0,1,0.31455154062655943,0.2,0,0.07827749259485618,0.0,0.972972972972973,2.0,0.9838709677419355,1.0,0.0,48.0,0.9215686274509804,4.0,0.0,42.0,0.9696969696969697,1.0,0.0,48.0,Sega,Gaming,Japan,20.857142857142858
Twitch.txt,9,0.4440307400914541,0.375,3,0.19055007431939727,0.125,3,0.19975874715125927,0.125,1,0.1737215137154713,0.043478260869565216,2,0.13384924225365147,0.08333333333333333,2,0.2092417893066794,0.08333333333333333,2,0.1378905902032642,0.08333333333333333,0.5,37.0,0.6451612903225806,22.0,0.8333333333333334,8.0,0.27450980392156865,37.0,0.8333333333333334,7.0,0.7272727272727273,9.0,0.45833333333333337,26.0,Twitch,Streaming,United States,20.857142857142858
AOL.txt,16,0.3954434895195696,0.3018867924528302,6,0.14178264656091685,0.10909090909090909,11,0.2604879032046612,0.20754716981132076,3,0.15250971855085965,0.05660377358490566,5,0.18086444914489586,0.09259259259259259,2,0.14272062442633046,0.03773584905660377,17,0.31153738843267725,0.32075471698113206,0.3513513513513513,48.0,0.564516129032258,27.0,0.9375,3.0,0.37254901960784315,32.0,0.8809523809523809,5.0,0.24242424242424243,25.0,0.875,6.0,AOL,Web portal,United States,20.857142857142858
La Pajara.txt,2,0.4781307018039528,0.4,1,0.24767137256109245,0.2,1,0.2976926341972145,0.2,0,0.13323109614354486,0.0,1,0.21642567698782883,0.2,1,0.3056404379134802,0.2,0,0.07378221342466822,0.0,0.5540540540540541,33.0,0.8548387096774194,9.0,0.9166666666666666,4.0,0.0,51.0,0.9761904761904762,1.0,0.9696969696969697,1.0,0.0,48.0,CoopCycle,Delivery,France,21.0
Kooglof!.txt,2,0.4781307018039528,0.4,1,0.24767137256109245,0.2,1,0.2976926341972145,0.2,0,0.13323109614354486,0.0,1,0.21642567698782883,0.2,1,0.3056404379134802,0.2,0,0.07378221342466822,0.0,0.5540540540540541,33.0,0.8548387096774194,9.0,0.9166666666666666,4.0,0.0,51.0,0.9761904761904762,1.0,0.9696969696969697,1.0,0.0,48.0,CoopCycle,Delivery,France,21.0
CoopCycle.txt,2,0.4738027276551091,0.4,1,0.24884062689816533,0.2,1,0.30288420857286635,0.2,0,0.13907099392414562,0.0,1,0.21630290556590143,0.2,1,0.31798561699652483,0.2,0,0.07468714871828519,0.0,0.5540540540540541,33.0,0.8548387096774194,9.0,0.9166666666666666,4.0,0.0,51.0,0.9761904761904762,1.0,0.9696969696969697,1.0,0.0,48.0,CoopCycle,Delivery,France,21.0
A2ROO.txt,2,0.4781307018039528,0.4,1,0.24767137256109245,0.2,1,0.2976926341972145,0.2,0,0.13323109614354486,0.0,1,0.21642567698782883,0.2,1,0.3056404379134802,0.2,0,0.07378221342466822,0.0,0.5540540540540541,33.0,0.8548387096774194,9.0,0.9166666666666666,4.0,0.0,51.0,0.9761904761904762,1.0,0.9696969696969697,1.0,0.0,48.0,A2ROO,eCommerce,France,21.0
Robin Food.txt,2,0.4781307018039528,0.4,1,0.24767137256109245,0.2,1,0.2976926341972145,0.2,0,0.13323109614354486,0.0,1,0.21642567698782883,0.2,1,0.3056404379134802,0.2,0,0.07378221342466822,0.0,0.5540540540540541,33.0,0.8548387096774194,9.0,0.9166666666666666,4.0,0.0,51.0,0.9761904761904762,1.0,0.9696969696969697,1.0,0.0,48.0,RobinFood,Food,Colombia,21.0
mi.com.txt,7,0.5729415812357813,0.5833333333333334,3,0.26737498905501744,0.25,1,0.16701118481069302,0.09090909090909091,3,0.30310220592554327,0.2727272727272727,0,0.11171547454169445,0.0,0,0.2319736239038597,0.0,0,0.0882784614846752,0.0,0.8513513513513513,11.0,0.935483870967742,4.0,0.75,12.0,0.9803921568627451,1.0,0.0,42.0,0.0,33.0,0.0,48.0,Xiaomi,Electronics,China,21.571428571428573
Bluesky.txt,6,0.3910093191304596,0.375,2,0.21685087504737333,0.125,1,0.19191182932333867,0.06666666666666667,1,0.1742400225076116,0.06666666666666667,1,0.1457844575954042,0.0625,0,0.1693788348984944,0.0,5,0.31811677231762664,0.3333333333333333,0.5,37.0,0.6451612903225806,22.0,0.625,18.0,0.4901960784313726,26.0,0.6666666666666667,14.0,0.0,33.0,0.8958333333333334,5.0,Bluesky,Social Media,United States,22.142857142857142
Reverb.txt,10,0.43985105356300386,0.37037037037037035,3,0.21744692997407447,0.10714285714285714,1,0.14673842441906113,0.037037037037037035,4,0.24906602782814116,0.14814814814814814,1,0.10999916639374178,0.037037037037037035,2,0.2022751126311958,0.07407407407407407,6,0.24875433690685375,0.2222222222222222,0.4864864864864865,38.0,0.5483870967741935,28.0,0.3125,33.0,0.8431372549019608,8.0,0.40476190476190477,25.0,0.6363636363636364,12.0,0.7708333333333334,11.0,Reverb,eCommerce,United States,22.142857142857142
Tradera.txt,10,0.5035741965799168,0.625,3,0.2361932460004881,0.17647058823529413,0,0.10951698227968872,0.0,2,0.25146724032508494,0.125,1,0.11888313598116046,0.058823529411764705,0,0.20002258201682768,0.0,1,0.1310061382527391,0.0625,0.9054054054054054,7.0,0.8064516129032258,12.0,0.0,48.0,0.7450980392156863,13.0,0.6428571428571428,15.0,0.0,33.0,0.35416666666666663,31.0,Tradera,eCommerce,Sweden,22.714285714285715
aliexpress.com.txt,17,0.37370394535815926,0.29310344827586204,14,0.2746971282789884,0.23728813559322035,4,0.14801704335911411,0.06896551724137931,8,0.2287904812447203,0.14035087719298245,4,0.10950449652501743,0.06779661016949153,0,0.15014662396973685,0.0,2,0.08532855076756916,0.03508771929824561,0.32432432432432434,50.0,0.9193548387096774,5.0,0.6458333333333333,17.0,0.803921568627451,10.0,0.7380952380952381,11.0,0.0,33.0,0.1875,39.0,AliExpress,eCommerce,China,23.571428571428573
Etsy.txt,8,0.4277178267551101,0.3333333333333333,1,0.1538777605844638,0.04,2,0.19028993195750873,0.08333333333333333,2,0.21799988449994392,0.08695652173913043,2,0.1469098257957319,0.08,1,0.227381876342949,0.041666666666666664,8,0.3346997033770597,0.34782608695652173,0.43243243243243246,42.0,0.09677419354838712,56.0,0.7291666666666667,13.0,0.607843137254902,20.0,0.8095238095238095,8.0,0.303030303030303,23.0,0.9166666666666666,4.0,Etsy,eCommerce,United States,23.714285714285715
Shein.txt,14,0.47598916342710573,0.5185185185185185,4,0.20597134646064158,0.14814814814814814,1,0.1334423316667346,0.037037037037037035,4,0.2190240112944886,0.14814814814814814,0,0.07415467879883737,0.0,1,0.1913297637573106,0.037037037037037035,2,0.10121093134586376,0.07407407407407407,0.7702702702702703,17.0,0.7419354838709677,16.0,0.3125,33.0,0.8431372549019608,8.0,0.0,42.0,0.21212121212121215,26.0,0.4375,27.0,Shein,eCommerce,Singapore,24.142857142857142
Toogoodtogo.txt,4,0.43847604192901185,0.36363636363636365,2,0.2773036779523332,0.18181818181818182,1,0.170354055887397,0.09090909090909091,1,0.16422956006420886,0.09090909090909091,1,0.13195137518237615,0.09090909090909091,0,0.207449267799931,0.0,0,0.07365912445416609,0.0,0.45945945945945943,40.0,0.8225806451612903,11.0,0.75,12.0,0.6274509803921569,19.0,0.8571428571428572,6.0,0.0,33.0,0.0,48.0,Too Good To Go,Software,Denmark,24.142857142857142
Xvideos.txt,12,0.3955226732938212,0.32432432432432434,4,0.17843972359647692,0.10256410256410256,2,0.13819900910318675,0.05405405405405406,4,0.21860757022842822,0.10810810810810811,1,0.11398915559133792,0.02631578947368421,3,0.22919409045402803,0.08108108108108109,6,0.18667912334397183,0.16216216216216217,0.41891891891891897,43.0,0.5161290322580645,30.0,0.5,24.0,0.6666666666666667,17.0,0.2142857142857143,33.0,0.696969696969697,10.0,0.7291666666666667,13.0,XVideos,Pornography,Czech Republic,24.285714285714285
Yahoo!.txt,13,0.5149732089500625,0.52,3,0.15554617633441808,0.11538461538461539,2,0.13772477265947974,0.08,2,0.17092845421481287,0.08,1,0.10199456914585661,0.038461538461538464,1,0.1553422830274798,0.04,0,0.07994579500629904,0.0,0.7837837837837838,16.0,0.6129032258064516,24.0,0.7083333333333333,14.0,0.5686274509803921,22.0,0.4285714285714286,24.0,0.2727272727272727,24.0,0.0,48.0,Yahoo,Web portal,United States,24.571428571428573
playstation.com.txt,6,0.6014222097238899,0.75,0,0.15081454418861998,0.0,2,0.31699493252470745,0.25,0,0.17553069550082273,0.0,1,0.169258894307201,0.125,1,0.29412300179489526,0.125,0,0.08214187418446639,0.0,0.9594594594594594,3.0,0.0,62.0,0.9583333333333334,2.0,0.0,51.0,0.9285714285714286,3.0,0.9090909090909091,3.0,0.0,48.0,PlayStation,Gaming,Japan,24.571428571428573
kayak.ie.txt,8,0.5095343841505966,0.6153846153846154,1,0.18634641267036614,0.07142857142857142,1,0.16370620094575117,0.07692307692307693,1,0.23324446352353756,0.08333333333333333,1,0.14394565214965988,0.07692307692307693,0,0.2566822332644373,0.0,0,0.10060088079928751,0.0,0.8918918918918919,8.0,0.3709677419354839,39.0,0.6875,15.0,0.5882352941176471,21.0,0.7857142857142857,9.0,0.0,33.0,0.0,48.0,Kayak,Travel,United States,24.714285714285715
Yandex Store.txt,8,0.5952186290243598,0.6153846153846154,1,0.1833564703958332,0.07692307692307693,1,0.17050239698002928,0.07692307692307693,1,0.17281571849670632,0.07692307692307693,1,0.11037654307932296,0.07692307692307693,0,0.14361319864931146,0.0,0,0.06131465070457806,0.0,0.8918918918918919,8.0,0.3870967741935484,38.0,0.6875,15.0,0.5490196078431373,23.0,0.7857142857142857,9.0,0.0,33.0,0.0,48.0,Yandex,Search Engine,Russia,24.857142857142858
Temu.txt,20,0.689161983682507,0.9090909090909091,3,0.22907837075666607,0.13043478260869565,1,0.12467028895989846,0.045454545454545456,2,0.2007167461209679,0.09090909090909091,0,0.0671549601253218,0.0,1,0.1697215452564346,0.045454545454545456,0,0.059465889470105934,0.0,0.9864864864864865,1.0,0.6612903225806452,21.0,0.41666666666666663,28.0,0.6274509803921569,19.0,0.0,42.0,0.33333333333333337,22.0,0.0,48.0,Temu,eCommerce,China,25.857142857142858
eBay.txt,15,0.44154061032935304,0.4411764705882353,2,0.15667239539895064,0.05714285714285714,2,0.14933218858389632,0.058823529411764705,2,0.19041635892212325,0.058823529411764705,2,0.13770762378275603,0.058823529411764705,0,0.15968066144892967,0.0,9,0.26573326729104135,0.2647058823529412,0.6486486486486487,26.0,0.25806451612903225,46.0,0.5625,21.0,0.3921568627450981,31.0,0.6428571428571428,15.0,0.0,33.0,0.8125,9.0,eBay,eCommerce,United States,25.857142857142858
BEAT.txt,6,0.4833623565186396,0.46153846153846156,1,0.21812833044925245,0.07692307692307693,1,0.13706756511042129,0.07692307692307693,2,0.2605841999109374,0.15384615384615385,0,0.08606156710018958,0.0,1,0.24267539454149822,0.07692307692307693,0,0.0745750419474033,0.0,0.6891891891891893,23.0,0.3870967741935484,38.0,0.6875,15.0,0.8823529411764706,6.0,0.0,42.0,0.6666666666666667,11.0,0.0,48.0,BEAT,Travel,Greece,26.142857142857142
Aptoide.txt,8,0.4753972963721889,0.4,3,0.16478938782659047,0.14285714285714285,1,0.11756573985147631,0.05,1,0.18100923683278064,0.05,1,0.09715045080693144,0.047619047619047616,2,0.17857131330552056,0.1,0,0.05609634873247336,0.0,0.5540540540540541,33.0,0.7096774193548387,18.0,0.45833333333333337,26.0,0.3529411764705882,33.0,0.5238095238095238,20.0,0.8181818181818181,6.0,0.0,48.0,Aptoide,Software,Portugal,26.285714285714285
OnlyFans.txt,8,0.4494178453660334,0.36363636363636365,2,0.16252194608976928,0.09090909090909091,3,0.1856694802807379,0.13636363636363635,2,0.19780163985812463,0.09090909090909091,2,0.14471461682529288,0.09090909090909091,0,0.13684272607607073,0.0,0,0.08874818101729684,0.0,0.45945945945945943,40.0,0.467741935483871,33.0,0.8541666666666666,7.0,0.6274509803921569,19.0,0.8571428571428572,6.0,0.0,33.0,0.0,48.0,OnlyFans,Pornography,United Kingdom,26.571428571428573
Viedit.txt,12,0.5140799330876339,0.5714285714285714,1,0.1328860128018464,0.047619047619047616,1,0.13577577528429657,0.047619047619047616,1,0.17395476926468648,0.05,1,0.0989919237512751,0.047619047619047616,2,0.2703121528532335,0.09523809523809523,1,0.09553853239986526,0.047619047619047616,0.8378378378378378,12.0,0.16129032258064513,52.0,0.4375,27.0,0.3529411764705882,33.0,0.5238095238095238,20.0,0.7878787878787878,7.0,0.25,36.0,viedit,Software,Netherlands,26.714285714285715
LinkedIn Pages.txt,4,0.5386162815096154,0.5,1,0.16928855370996893,0.1111111111111111,1,0.19855810127270002,0.125,0,0.126747556699444,0.0,1,0.1610542284990384,0.125,0,0.21028408937194001,0.0,0,0.07572908093349852,0.0,0.7432432432432432,19.0,0.5806451612903225,26.0,0.8333333333333334,8.0,0.0,51.0,0.9285714285714286,3.0,0.0,33.0,0.0,48.0,LinkedIn Pages,Social Media,United States,26.857142857142858
Groupon Merchant.txt,12,0.5579586383187488,0.75,1,0.16438427477711254,0.0625,1,0.1446767054207768,0.0625,1,0.22961035117910347,0.0625,1,0.13701590300200825,0.0625,0,0.20318562434773624,0.0,0,0.06893759192860761,0.0,0.9594594594594594,3.0,0.29032258064516125,44.0,0.5833333333333333,20.0,0.47058823529411764,27.0,0.6666666666666667,14.0,0.0,33.0,0.0,48.0,Groupon,eCommerce,United States,27.0
WeChat.txt,10,0.43014532616834267,0.3125,4,0.18033082709399825,0.125,2,0.1574791896680404,0.06451612903225806,4,0.1999339932465307,0.12903225806451613,1,0.11086062978792358,0.03125,0,0.176907764799089,0.0,2,0.11676056693493353,0.06451612903225806,0.3783783783783784,46.0,0.6451612903225806,22.0,0.6041666666666667,19.0,0.7647058823529411,12.0,0.30952380952380953,29.0,0.0,33.0,0.375,30.0,WeChat,Social Media,China,27.285714285714285
Chabber.txt,4,0.39397271711408166,0.3076923076923077,3,0.24163101266427225,0.21428571428571427,1,0.1751255669664874,0.07692307692307693,1,0.2039647542826356,0.07692307692307693,0,0.06679237420168757,0.0,1,0.20497732331138943,0.07692307692307693,0,0.05983153401017796,0.0,0.3648648648648649,47.0,0.8870967741935484,7.0,0.6875,15.0,0.5490196078431373,23.0,0.0,42.0,0.6666666666666667,11.0,0.0,48.0,Chabber,Employment,Denmark,27.571428571428573
Ask.com.txt,6,0.36673227585474744,0.2727272727272727,4,0.23718809623516154,0.18181818181818182,2,0.1376951287259938,0.09090909090909091,1,0.14392626403462233,0.045454545454545456,0,0.07381372408193237,0.0,0,0.18590110150520356,0.0,6,0.2585861340479034,0.2727272727272727,0.28378378378378377,53.0,0.8225806451612903,11.0,0.75,12.0,0.2941176470588235,36.0,0.0,42.0,0.0,33.0,0.8333333333333334,8.0,Ask.com,Search Engine,United States,27.857142857142858
BeReal.txt,2,0.44844526012693403,0.3333333333333333,1,0.20721967263011765,0.16666666666666666,1,0.2253202910013333,0.16666666666666666,0,0.18305489627288984,0.0,1,0.2080569724453826,0.16666666666666666,0,0.2381948746702359,0.0,0,0.12567553642739676,0.0,0.43243243243243246,42.0,0.7741935483870968,14.0,0.8958333333333334,5.0,0.0,51.0,0.9523809523809523,2.0,0.0,33.0,0.0,48.0,BeReal,Social Media,France,27.857142857142858
Amazon Mechanical Turk.txt,9,0.5095009357275367,0.42857142857142855,2,0.15037474291373587,0.09523809523809523,1,0.1034104558323334,0.047619047619047616,1,0.13352469548041765,0.047619047619047616,0,0.0547869034558204,0.0,2,0.18324080222416267,0.09523809523809523,2,0.12759747739977023,0.09523809523809523,0.6216216216216216,28.0,0.4838709677419355,32.0,0.4375,27.0,0.33333333333333337,34.0,0.0,42.0,0.7878787878787878,7.0,0.47916666666666663,25.0,MTurk,Crowdsourcing,United States,27.857142857142858
StripChat.txt,12,0.5045525716481906,0.46153846153846156,3,0.19998881975811933,0.1111111111111111,1,0.12984362074332445,0.038461538461538464,2,0.20677292197750305,0.07692307692307693,1,0.1090051477361706,0.038461538461538464,0,0.19097149562804286,0.0,1,0.1039202119325738,0.038461538461538464,0.6891891891891893,23.0,0.5806451612903225,26.0,0.35416666666666663,31.0,0.5490196078431373,23.0,0.4285714285714286,24.0,0.0,33.0,0.20833333333333337,38.0,Stripchat,Pornography,Italy,28.285714285714285
Deliveroo.txt,6,0.5469960173690215,0.6,1,0.16632372801993012,0.1,1,0.162281510254706,0.1,0,0.15159837462915393,0.0,0,0.11882922750228256,0.0,1,0.2623041959726572,0.1,0,0.0698236894308923,0.0,0.8648648648648649,10.0,0.5,31.0,0.7708333333333334,11.0,0.0,51.0,0.0,42.0,0.8181818181818181,6.0,0.0,48.0,Deliveroo,Delivery,United Kingdom,28.428571428571427
Rightmove.txt,6,0.48660287096997074,0.42857142857142855,1,0.18890270544910392,0.07142857142857142,1,0.179170054389864,0.07142857142857142,1,0.2570633609026575,0.07142857142857142,1,0.1181571250720062,0.07142857142857142,0,0.25671523464585805,0.0,0,0.07108770306745195,0.0,0.6216216216216216,28.0,0.3709677419354839,39.0,0.6666666666666667,16.0,0.5098039215686274,25.0,0.7619047619047619,10.0,0.0,33.0,0.0,48.0,Rightmove,eCommerce,United Kingdom,28.428571428571427
Vimeo.txt,13,0.4306549714420122,0.4482758620689655,2,0.1577367366826911,0.06666666666666667,1,0.13180353930005756,0.034482758620689655,1,0.139427898483077,0.034482758620689655,1,0.10411906053617066,0.03333333333333333,1,0.20054533206237485,0.034482758620689655,12,0.38645114720898743,0.41379310344827586,0.6756756756756757,24.0,0.32258064516129037,42.0,0.27083333333333337,35.0,0.196078431372549,41.0,0.3571428571428571,27.0,0.1515151515151515,28.0,0.9375,3.0,Vimeo,Streaming,United States,28.571428571428573
Barqo.txt,18,0.5010058734686066,0.5142857142857142,5,0.21859691757978464,0.13513513513513514,1,0.09901382605045358,0.02857142857142857,5,0.25745415880304534,0.14285714285714285,1,0.07299045455306045,0.02857142857142857,0,0.1480329780717223,0.0,0,0.06132271143971769,0.0,0.7567567567567568,18.0,0.6935483870967742,19.0,0.125,42.0,0.8235294117647058,9.0,0.26190476190476186,31.0,0.0,33.0,0.0,48.0,Barqo,eCommerce,Netherlands,28.571428571428573
CLASSGAP.txt,16,0.45317975489507134,0.42105263157894735,7,0.25815790753906326,0.18421052631578946,2,0.13954984462207698,0.05263157894736842,4,0.23368775031102348,0.10810810810810811,0,0.08722136030046765,0.0,0,0.18203421141798065,0.0,1,0.09901244895610908,0.02631578947368421,0.6081081081081081,29.0,0.8387096774193549,10.0,0.47916666666666663,25.0,0.6666666666666667,17.0,0.0,42.0,0.0,33.0,0.08333333333333337,44.0,Classgap,Education,Spain,28.571428571428573
store.epicgames.com.txt,5,0.4082376400266943,0.23809523809523808,1,0.13614354074904061,0.045454545454545456,1,0.15172003468985767,0.047619047619047616,1,0.14283468695124973,0.047619047619047616,2,0.18147937442276096,0.09090909090909091,1,0.19795647958981286,0.047619047619047616,11,0.4492265160624632,0.5238095238095238,0.20270270270270274,59.0,0.14516129032258063,53.0,0.4375,27.0,0.33333333333333337,34.0,0.8571428571428572,6.0,0.36363636363636365,21.0,0.9583333333333334,2.0,Epic Games Store,Gaming,United States,28.857142857142858
Twitter.txt,15,0.4698972995669976,0.42857142857142855,6,0.2235220048995163,0.16666666666666666,2,0.18020567303247984,0.05714285714285714,1,0.17166789489957004,0.02857142857142857,2,0.1333163458756277,0.05714285714285714,0,0.20599157433423912,0.0,0,0.08706815532328104,0.0,0.6216216216216216,28.0,0.7741935483870968,14.0,0.5416666666666667,22.0,0.1568627450980392,43.0,0.6190476190476191,16.0,0.0,33.0,0.0,48.0,X,Social Media,United States,29.142857142857142
Places on Maps.txt,5,0.5539314957773491,0.7142857142857143,0,0.14353275959861947,0.0,1,0.14966104547564033,0.14285714285714285,1,0.24658565485269252,0.14285714285714285,0,0.07744347047107865,0.0,0,0.16479392282751307,0.0,0,0.08170399125371063,0.0,0.9459459459459459,4.0,0.0,62.0,0.875,6.0,0.8235294117647058,9.0,0.0,42.0,0.0,33.0,0.0,48.0,Apple Maps,Software,United States,29.142857142857142
Libro.txt,8,0.4162673099676714,0.42105263157894735,1,0.12581866119642796,0.05,1,0.1431624181174114,0.05263157894736842,2,0.234637443529228,0.10526315789473684,1,0.11896580100935625,0.05263157894736842,1,0.2202093934260526,0.05263157894736842,0,0.06765951682381974,0.0,0.6081081081081081,29.0,0.20967741935483875,49.0,0.47916666666666663,25.0,0.6470588235294117,18.0,0.5714285714285714,18.0,0.4545454545454546,18.0,0.0,48.0,Libro,Streaming,United States,29.285714285714285
Crunchbase.txt,8,0.41285290474380604,0.32,3,0.201851101092017,0.11538461538461539,1,0.13213314711826024,0.04,1,0.17071532095900982,0.04,1,0.1153233040782929,0.038461538461538464,0,0.17913724358030705,0.0,3,0.17522318778172305,0.12,0.3918918918918919,45.0,0.6129032258064516,24.0,0.375,30.0,0.2549019607843137,38.0,0.4285714285714286,24.0,0.0,33.0,0.6041666666666667,19.0,Crunchbase,Software,United States,30.428571428571427
GURUWALK.txt,9,0.43375385796650023,0.36,1,0.1483889023254113,0.04,1,0.149509566678249,0.04,3,0.21973962121597823,0.12,1,0.09832821987211997,0.04,3,0.26758871395988726,0.12,0,0.08161050997146198,0.0,0.44594594594594594,41.0,0.09677419354838712,56.0,0.375,30.0,0.7254901960784313,14.0,0.45238095238095233,23.0,0.8787878787878788,4.0,0.0,48.0,GuruWalk,Travel,Spain,30.857142857142858
Vinted.txt,11,0.4844160032191291,0.44,3,0.20598151770241754,0.1111111111111111,1,0.1394053641087112,0.04,1,0.17730384449363673,0.04,1,0.12856658708372204,0.04,1,0.23500602953878638,0.04,0,0.11846573129957512,0.0,0.6351351351351351,27.0,0.5806451612903225,26.0,0.375,30.0,0.2549019607843137,38.0,0.45238095238095233,23.0,0.2727272727272727,24.0,0.0,48.0,Vinted,eCommerce,Lithuania,30.857142857142858
MyTable.txt,1,0.24172868304601208,0.047619047619047616,2,0.152866094926836,0.09090909090909091,1,0.11267823645375201,0.047619047619047616,3,0.20527178625503545,0.14285714285714285,1,0.0958758569983611,0.045454545454545456,2,0.184436110246486,0.09523809523809523,0,0.053602999356663836,0.0,0.027027027027026973,72.0,0.467741935483871,33.0,0.4375,27.0,0.8235294117647058,9.0,0.5,21.0,0.7878787878787878,7.0,0.0,48.0,MyTable,Software,Sri Lanka,31.0
Preply.txt,13,0.4774439907163198,0.4642857142857143,2,0.20347971839832843,0.06896551724137931,1,0.12801898748804635,0.03571428571428571,2,0.19379819270642734,0.07142857142857142,0,0.0901384743882844,0.0,1,0.21593911164229804,0.03571428571428571,2,0.12742129460668064,0.07142857142857142,0.7027027027027026,22.0,0.3548387096774194,40.0,0.29166666666666663,34.0,0.5098039215686274,25.0,0.0,42.0,0.18181818181818177,27.0,0.41666666666666663,28.0,Reply,Education,Ukraine,31.142857142857142
9gag.txt,19,0.42648072740450027,0.4418604651162791,5,0.19038306242331418,0.11363636363636363,1,0.12451201401084244,0.023255813953488372,2,0.16980194600450324,0.047619047619047616,0,0.08519534019772998,0.0,1,0.1613993006763509,0.023255813953488372,6,0.1645724426860232,0.13953488372093023,0.6621621621621622,25.0,0.5967741935483871,25.0,0.04166666666666663,46.0,0.33333333333333337,34.0,0.0,42.0,0.09090909090909094,30.0,0.6458333333333333,17.0,9gag,Social Media,China,31.285714285714285
Hotel Center by Google.txt,0,0.20684076378206326,0.0,2,0.23773144499348492,0.2857142857142857,0,0.1506817458352527,0.0,1,0.20775171448278296,0.16666666666666666,0,0.0840807814330891,0.0,0,0.19544630648931696,0.0,1,0.16416584146359212,0.14285714285714285,0.0,74.0,0.9516129032258065,3.0,0.0,48.0,0.9019607843137255,5.0,0.0,42.0,0.0,33.0,0.6666666666666667,16.0,Hotel Center by Google,Software,United States,31.571428571428573
AliExpress.txt,10,0.4104105310543049,0.2857142857142857,6,0.22659075949904206,0.17142857142857143,1,0.12455922252969143,0.02857142857142857,2,0.1741121017210882,0.06060606060606061,0,0.09426799633724191,0.0,1,0.16619028477453543,0.02857142857142857,5,0.1845528456057475,0.14705882352941177,0.29729729729729726,52.0,0.7903225806451613,13.0,0.125,42.0,0.43137254901960786,29.0,0.0,42.0,0.12121212121212122,29.0,0.6875,15.0,AliExpress,eCommerce,China,31.714285714285715
Discord.txt,8,0.4235759276460796,0.3333333333333333,1,0.206563485450292,0.041666666666666664,1,0.14320149487189698,0.043478260869565216,1,0.16108068314741256,0.043478260869565216,1,0.13273196588094086,0.041666666666666664,0,0.18638827357241963,0.0,7,0.2996477210212198,0.30434782608695654,0.43243243243243246,42.0,0.12903225806451613,54.0,0.39583333333333337,29.0,0.27450980392156865,37.0,0.47619047619047616,22.0,0.0,33.0,0.8541666666666666,7.0,Discord,Social Media,United States,32.0
Daft.ie.txt,17,0.5192457420258652,0.6071428571428571,2,0.1886473180177922,0.07142857142857142,1,0.13305069726321536,0.03571428571428571,1,0.17570751740984075,0.037037037037037035,1,0.09101010871652061,0.03571428571428571,0,0.2113367651307605,0.0,0,0.06580010278170581,0.0,0.8783783783783784,9.0,0.3709677419354839,39.0,0.29166666666666663,34.0,0.21568627450980393,40.0,0.38095238095238093,26.0,0.0,33.0,0.0,48.0,Daft,eCommerce,Republic of Ireland,32.714285714285715
Car.gr.txt,7,0.4825700435361538,0.3888888888888889,3,0.2730665994567199,0.16666666666666666,1,0.17144679640029345,0.05555555555555555,0,0.12488370196168547,0.0,0,0.11018057489559702,0.0,1,0.1975355088719911,0.05555555555555555,0,0.07549195518598889,0.0,0.5405405405405406,34.0,0.7741935483870968,14.0,0.5208333333333333,23.0,0.0,51.0,0.0,42.0,0.48484848484848486,17.0,0.0,48.0,Car.gr,eCommerce,Greece,32.714285714285715
Funda.txt,0,0.34778317940478504,0.0,1,0.20669442403056978,0.14285714285714285,1,0.18620355392610238,0.14285714285714285,1,0.19997619177357864,0.14285714285714285,0,0.1192096042165564,0.0,0,0.21335290396680648,0.0,0,0.11702646014486433,0.0,0.0,74.0,0.7096774193548387,18.0,0.875,6.0,0.8235294117647058,9.0,0.0,42.0,0.0,33.0,0.0,48.0,Funda,Software,Netherlands,32.857142857142854
shopify.com.txt,22,0.4740132830300311,0.4074074074074074,3,0.15020893111341063,0.05555555555555555,2,0.13795648502810112,0.03773584905660377,2,0.17044909694768762,0.038461538461538464,3,0.12293283371865706,0.05555555555555555,3,0.2099550390808278,0.05660377358490566,0,0.07090179573362002,0.0,0.5675675675675675,32.0,0.24193548387096775,47.0,0.33333333333333337,32.0,0.23529411764705888,39.0,0.5952380952380952,17.0,0.5151515151515151,16.0,0.0,48.0,Shopify,eCommerce,Canada,33.0
Shopify.txt,22,0.47409514141430303,0.4074074074074074,3,0.150099257838312,0.05555555555555555,2,0.13795648502810112,0.03773584905660377,2,0.17044909694768762,0.038461538461538464,3,0.12293283371865706,0.05555555555555555,3,0.20976814460692192,0.05660377358490566,0,0.07099534661644667,0.0,0.5675675675675675,32.0,0.24193548387096775,47.0,0.33333333333333337,32.0,0.23529411764705888,39.0,0.5952380952380952,17.0,0.5151515151515151,16.0,0.0,48.0,Shopify,eCommerce,Canada,33.0
Uber.txt,3,0.3600137476657276,0.1875,0,0.09308076163585825,0.0,1,0.13983416593600081,0.0625,1,0.1505874738585818,0.0625,1,0.09671479834907491,0.058823529411764705,1,0.20413507819016197,0.0625,1,0.10154745478875035,0.0625,0.16216216216216217,62.0,0.0,62.0,0.5833333333333333,20.0,0.47058823529411764,27.0,0.6428571428571428,15.0,0.5757575757575757,14.0,0.35416666666666663,31.0,Uber,Travel,United States,33.0
Bonanza.txt,8,0.4847001110844494,0.5333333333333333,2,0.21296394450836936,0.13333333333333333,0,0.11329168964968889,0.0,1,0.21158505283980414,0.06666666666666667,0,0.0899696642100915,0.0,0,0.18384877768543612,0.0,0,0.0904228188406649,0.0,0.7972972972972973,15.0,0.6774193548387097,20.0,0.0,48.0,0.4901960784313726,26.0,0.0,42.0,0.0,33.0,0.0,48.0,Bonanza,eCommerce,United States,33.142857142857146
TikTok.txt,7,0.4271815368111927,0.3684210526315789,0,0.1041375775797494,0.0,2,0.16865375932980187,0.10526315789473684,0,0.1253573124675809,0.0,1,0.12443918721751808,0.05263157894736842,1,0.20589999581371832,0.05263157894736842,1,0.1218686838925186,0.05263157894736842,0.472972972972973,39.0,0.0,62.0,0.7916666666666666,10.0,0.0,51.0,0.5714285714285714,18.0,0.4545454545454546,18.0,0.27083333333333337,35.0,TikTok,Social Media,Singapore,33.285714285714285
Open Food Network.txt,6,0.4587625576028174,0.375,1,0.14755233348890712,0.0625,1,0.14349537556507683,0.0625,2,0.2337318065534976,0.13333333333333333,0,0.09551861806357058,0.0,0,0.198631678617858,0.0,0,0.08885693559203268,0.0,0.5,37.0,0.29032258064516125,44.0,0.5833333333333333,20.0,0.7843137254901961,11.0,0.0,42.0,0.0,33.0,0.0,48.0,Open Food Network,Food,United Kingdom,33.57142857142857
autotrader.com.cy.txt,2,0.38121398111350796,0.3333333333333333,1,0.2709108966691606,0.16666666666666666,1,0.21831041044966962,0.16666666666666666,0,0.14203483255797741,0.0,0,0.13692308256770855,0.0,0,0.21099854978931512,0.0,0,0.06900103367666527,0.0,0.43243243243243246,42.0,0.7741935483870968,14.0,0.8958333333333334,5.0,0.0,51.0,0.0,42.0,0.0,33.0,0.0,48.0,autotraderCYPRUS,eCommerce,Cyprus,33.57142857142857
Resonate.txt,2,0.4458878888672871,0.16666666666666666,1,0.17681592860011333,0.08333333333333333,0,0.1726088266242106,0.0,1,0.24667449055934584,0.09090909090909091,1,0.12477009568678482,0.08333333333333333,0,0.21432376264249722,0.0,1,0.13436255642781367,0.08333333333333333,0.09459459459459463,67.0,0.4354838709677419,35.0,0.0,48.0,0.6274509803921569,19.0,0.8333333333333334,7.0,0.0,33.0,0.45833333333333337,26.0,Resonate,Streaming,Germany,33.57142857142857
Yandex.txt,7,0.43723717117221533,0.5833333333333334,1,0.1794571790842152,0.08333333333333333,0,0.1091024053368737,0.0,1,0.1949064198745771,0.09090909090909091,0,0.07260979636312777,0.0,0,0.18831255490974688,0.0,0,0.060232331890644676,0.0,0.8513513513513513,11.0,0.4354838709677419,35.0,0.0,48.0,0.6274509803921569,19.0,0.0,42.0,0.0,33.0,0.0,48.0,Yandex,Search Engine,Russia,33.714285714285715
DoneDeal.txt,19,0.4965883560557935,0.4418604651162791,5,0.19720249540039328,0.11363636363636363,1,0.14019430059982052,0.023255813953488372,2,0.16823039837566856,0.046511627906976744,1,0.09415927740146994,0.023255813953488372,1,0.20988085777429621,0.023255813953488372,1,0.09156056806353245,0.023255813953488372,0.6621621621621622,25.0,0.5967741935483871,25.0,0.04166666666666663,46.0,0.3137254901960784,35.0,0.1428571428571429,36.0,0.09090909090909094,30.0,0.0625,45.0,DoneDeal,eCommerce,Republic of Ireland,34.57142857142857
MistralAI.txt,26,0.3920906039806259,0.26262626262626265,11,0.1680703568797095,0.10679611650485436,3,0.11930127877937295,0.030927835051546393,6,0.16648626697463206,0.061855670103092786,2,0.08535973343721366,0.019801980198019802,7,0.23081310158140764,0.07216494845360824,3,0.08717353916588963,0.030927835051546393,0.2567567567567568,55.0,0.532258064516129,29.0,0.1875,39.0,0.4509803921568627,28.0,0.09523809523809523,38.0,0.6060606060606061,13.0,0.14583333333333337,41.0,Mistral AI SAS,Software,France,34.714285714285715
Reddit.txt,13,0.4547581672825257,0.38235294117647056,2,0.16022715247751224,0.058823529411764705,1,0.12461915634143425,0.030303030303030304,3,0.18695186109473025,0.09090909090909091,1,0.10501174892155389,0.029411764705882353,0,0.1832843578135237,0.0,0,0.07757662798382453,0.0,0.5135135135135135,36.0,0.27419354838709675,45.0,0.16666666666666663,40.0,0.6274509803921569,19.0,0.2857142857142857,30.0,0.0,33.0,0.0,48.0,Reddit,Social Media,United States,35.857142857142854
Bazaraki.txt,18,0.4206658135657639,0.36,6,0.1963037636315232,0.12,2,0.13980800018420536,0.04,0,0.11950815271164918,0.0,1,0.09555683884869111,0.02,2,0.20516540124628094,0.04,1,0.07595582454101789,0.020833333333333332,0.44594594594594594,41.0,0.6290322580645161,23.0,0.375,30.0,0.0,51.0,0.11904761904761907,37.0,0.2727272727272727,24.0,0.04166666666666663,46.0,Bazaraki,eCommerce,Cyprus,36.0
Snapchat.txt,27,0.43810930589284314,0.38571428571428573,2,0.1733452984304681,0.028169014084507043,2,0.1644479897597657,0.02857142857142857,4,0.21621052070297428,0.05970149253731343,2,0.16543549111132697,0.028169014084507043,0,0.23284448752422898,0.0,8,0.2044304790408987,0.11428571428571428,0.527027027027027,35.0,0.048387096774193505,59.0,0.125,42.0,0.4117647058823529,30.0,0.23809523809523814,32.0,0.0,33.0,0.5625,21.0,Snapchat,Social Media,United States,36.0
Hlprs.txt,1,0.28409619708977285,0.08333333333333333,2,0.22198607855810207,0.16666666666666666,0,0.11328823748781458,0.0,1,0.18738719726022915,0.08333333333333333,0,0.0779569809912204,0.0,1,0.18066233222785452,0.08333333333333333,0,0.12025002151574261,0.0,0.04054054054054057,71.0,0.7741935483870968,14.0,0.0,48.0,0.5882352941176471,21.0,0.0,42.0,0.7272727272727273,9.0,0.0,48.0,Hlprs,eCommerce,Netherlands,36.142857142857146
Expedia Partner Central.txt,6,0.3746112448466986,0.17142857142857143,3,0.18860179124007184,0.08571428571428572,2,0.13822823061064776,0.058823529411764705,1,0.1422749321522678,0.029411764705882353,0,0.08651903846745157,0.0,0,0.17750769022809587,0.0,4,0.15519411117351412,0.11764705882352941,0.1216216216216216,65.0,0.4516129032258065,34.0,0.5625,21.0,0.17647058823529416,42.0,0.0,42.0,0.0,33.0,0.5833333333333333,20.0,Expedia,Travel,United States,36.714285714285715
Oikotie.txt,6,0.41425146182251604,0.42857142857142855,1,0.16261677495705112,0.07142857142857142,1,0.14342861253453207,0.07142857142857142,0,0.0976423144571299,0.0,0,0.060314043436627274,0.0,0,0.14367736497147185,0.0,0,0.07635795718277398,0.0,0.6216216216216216,28.0,0.3709677419354839,39.0,0.6666666666666667,16.0,0.0,51.0,0.0,42.0,0.0,33.0,0.0,48.0,Oikotie,Employment,Finland,36.714285714285715
VK.txt,11,0.4172516316549061,0.4074074074074074,2,0.12884453299428325,0.06896551724137931,1,0.12622714033011156,0.037037037037037035,0,0.10795803502221336,0.0,0,0.06387125779869239,0.0,2,0.1653481366373209,0.07407407407407407,0,0.06662536350316149,0.0,0.5675675675675675,32.0,0.3548387096774194,40.0,0.3125,33.0,0.0,51.0,0.0,42.0,0.6363636363636364,12.0,0.0,48.0,VK,Social Media,Russia,36.857142857142854
Bing.txt,18,0.38242235840750566,0.2465753424657534,3,0.11940625896964356,0.04054054054054054,8,0.18000194491638702,0.1111111111111111,1,0.11944330671762209,0.013888888888888888,5,0.1361668123321875,0.06756756756756757,0,0.16428315658001819,0.0,2,0.08292211590802025,0.027777777777777776,0.22972972972972971,57.0,0.11290322580645162,55.0,0.8125,9.0,0.039215686274509776,49.0,0.7142857142857143,12.0,0.0,33.0,0.10416666666666663,43.0,Bing,Search Engine,United States,36.857142857142854
Wikipedia.txt,10,0.42697680742695476,0.3225806451612903,2,0.14012920916944424,0.06451612903225806,1,0.1368328263396693,0.03225806451612903,0,0.13279043829810155,0.0,1,0.12419085877061356,0.03225806451612903,0,0.20306158607862662,0.0,3,0.14623478122721859,0.0967741935483871,0.4054054054054054,44.0,0.30645161290322576,43.0,0.22916666666666663,37.0,0.0,51.0,0.33333333333333337,28.0,0.0,33.0,0.5,24.0,Wikipedia,Software,United States,37.142857142857146
Autoplius.lt.txt,9,0.4830485746080654,0.36,2,0.145231462249868,0.08,1,0.11751979131634592,0.04,0,0.10131508212187647,0.0,0,0.06530926959433461,0.0,1,0.14861753318367618,0.04,1,0.11274510784449956,0.04,0.44594594594594594,41.0,0.4193548387096774,36.0,0.375,30.0,0.0,51.0,0.0,42.0,0.2727272727272727,24.0,0.22916666666666663,37.0,Autoplius,eCommerce,Lithuania,37.285714285714285
Hostelworld.txt,1,0.22726023147698746,0.027777777777777776,2,0.12802355884289668,0.05555555555555555,1,0.0919154085836963,0.027777777777777776,4,0.21113293700385996,0.11428571428571428,0,0.05418845267312345,0.0,3,0.17822933020295526,0.08333333333333333,2,0.09703541154419626,0.05555555555555555,0.013513513513513487,73.0,0.24193548387096775,47.0,0.10416666666666663,43.0,0.6862745098039216,16.0,0.0,42.0,0.7272727272727273,9.0,0.29166666666666663,34.0,Hostelworld,Travel,Republic of Ireland,37.714285714285715
Kindle Direct Publishing.txt,17,0.47325806459626385,0.4722222222222222,1,0.10346250767185086,0.027777777777777776,1,0.10977844446248855,0.02857142857142857,1,0.14209083496149635,0.02857142857142857,0,0.0748757799154127,0.0,2,0.18462730586940798,0.05714285714285714,1,0.08945224850339488,0.02857142857142857,0.7297297297297297,20.0,0.032258064516129004,60.0,0.125,42.0,0.1568627450980392,43.0,0.0,42.0,0.5454545454545454,15.0,0.125,42.0,Kindle,Software,United States,37.714285714285715
Houzz Pro.txt,15,0.3792434084754375,0.2459016393442623,3,0.14022981966510809,0.04838709677419355,2,0.11787609249135447,0.03278688524590164,1,0.14497770580914812,0.01639344262295082,2,0.10386074380693813,0.03225806451612903,3,0.20305110069526897,0.04918032786885246,4,0.11015068036285132,0.06557377049180328,0.21621621621621623,58.0,0.17741935483870963,51.0,0.25,36.0,0.05882352941176472,48.0,0.33333333333333337,28.0,0.3939393939393939,20.0,0.39583333333333337,29.0,Houzz Pro,Software,United States,38.57142857142857
tripadvisor.com.txt,10,0.4011474669133997,0.2631578947368421,6,0.22109336729303314,0.15,1,0.1424488600615559,0.02702702702702703,1,0.16497621815130054,0.027777777777777776,1,0.10613306365535038,0.025,0,0.1892363372081382,0.0,0,0.07623607507608784,0.0,0.2702702702702703,54.0,0.7580645161290323,15.0,0.08333333333333337,44.0,0.13725490196078427,44.0,0.19047619047619047,34.0,0.0,33.0,0.0,48.0,Tripadvisor,Travel,United States,38.857142857142854
tripadvisor.ie.txt,12,0.4097866355167861,0.3,6,0.21672045028631073,0.14634146341463414,1,0.1441603114713026,0.02631578947368421,1,0.16341376756361997,0.02702702702702703,1,0.10615606758439368,0.024390243902439025,0,0.18692259907305306,0.0,0,0.07571737932226932,0.0,0.33783783783783783,49.0,0.7258064516129032,17.0,0.0625,45.0,0.11764705882352944,45.0,0.16666666666666663,35.0,0.0,33.0,0.0,48.0,Tripadvisor,Travel,United States,38.857142857142854
Tripadvisor.txt,12,0.4098036746063102,0.3,6,0.21672045028631073,0.14634146341463414,1,0.1441603114713026,0.02631578947368421,1,0.16315404558453403,0.02702702702702703,1,0.10615606758439368,0.024390243902439025,0,0.1869570912606631,0.0,0,0.07571737932226932,0.0,0.33783783783783783,49.0,0.7258064516129032,17.0,0.0625,45.0,0.11764705882352944,45.0,0.16666666666666663,35.0,0.0,33.0,0.0,48.0,Tripadvisor,Travel,United States,38.857142857142854
store.playstation.com.txt,11,0.4133577038702195,0.2894736842105263,3,0.15548658421035058,0.07894736842105263,1,0.11196188687201113,0.02631578947368421,0,0.11969516603897386,0.0,1,0.0952317693903522,0.02631578947368421,0,0.15638794738308284,0.0,4,0.14666144356170097,0.10526315789473684,0.31081081081081086,51.0,0.4032258064516129,37.0,0.0625,45.0,0.0,51.0,0.2142857142857143,33.0,0.0,33.0,0.5208333333333333,23.0,PlayStation Store,eCommerce,Japan,39.0
Airbnb.txt,48,0.40034723114796844,0.3018867924528302,6,0.12397047378469137,0.037267080745341616,5,0.14633512655967634,0.03184713375796178,3,0.14749832152071518,0.0196078431372549,1,0.0951843237232413,0.006211180124223602,1,0.18767054000648792,0.006369426751592357,25,0.19371973265002224,0.1592356687898089,0.3513513513513513,48.0,0.08064516129032262,57.0,0.20833333333333337,38.0,0.07843137254901966,47.0,0.04761904761904767,40.0,0.030303030303030276,32.0,0.7083333333333333,14.0,Airbnb,Travel,United States,39.42857142857143
Yandex Maps.txt,6,0.49771102315861787,0.5,1,0.12047003370003846,0.08333333333333333,0,0.1432905819054221,0.0,0,0.11481575891312758,0.0,0,0.07801917894580244,0.0,0,0.1953069691628506,0.0,0,0.06866191901086342,0.0,0.7432432432432432,19.0,0.4354838709677419,35.0,0.0,48.0,0.0,51.0,0.0,42.0,0.0,33.0,0.0,48.0,Yandex Maps,Software,Russia,39.42857142857143
Image Creator.txt,3,0.4009924536514878,0.375,0,0.08905589933750421,0.0,0,0.11490287792024385,0.0,1,0.22360194535201905,0.125,0,0.08545506317778626,0.0,0,0.20316668735380036,0.0,0,0.12413679896670557,0.0,0.5,37.0,0.0,62.0,0.0,48.0,0.7450980392156863,13.0,0.0,42.0,0.0,33.0,0.0,48.0,Bing Image Creator,Software,United States,40.42857142857143
Booking.com.txt,42,0.45822477002519973,0.4117647058823529,7,0.1486614664894511,0.06796116504854369,3,0.12102902323907927,0.03,1,0.15770293383567766,0.010101010101010102,1,0.0850869606671897,0.009708737864077669,0,0.18849754798180257,0.0,0,0.07625112458400884,0.0,0.5810810810810811,31.0,0.33870967741935487,41.0,0.14583333333333337,41.0,0.019607843137254943,50.0,0.0714285714285714,39.0,0.0,33.0,0.0,48.0,Booking,Travel,United States,40.42857142857143
Fairbnb.coop.txt,2,0.37640021742305496,0.18181818181818182,1,0.1343346165170349,0.09090909090909091,1,0.22880613134078864,0.09090909090909091,0,0.14929127451966479,0.0,0,0.10889987632438229,0.0,0,0.21964567451847358,0.0,0,0.07701059627147014,0.0,0.1351351351351351,64.0,0.467741935483871,33.0,0.75,12.0,0.0,51.0,0.0,42.0,0.0,33.0,0.0,48.0,Fairbnb,Travel,Italy,40.42857142857143
Google.txt,5,0.3788732872036686,0.18518518518518517,1,0.12854548645898342,0.037037037037037035,1,0.17658959669172683,0.037037037037037035,2,0.20433436732318594,0.07407407407407407,1,0.12401075995566513,0.037037037037037035,0,0.2171860072015383,0.0,0,0.08858555643483211,0.0,0.14864864864864868,63.0,0.06451612903225812,58.0,0.3125,33.0,0.5294117647058824,24.0,0.40476190476190477,25.0,0.0,33.0,0.0,48.0,Google,Search Engine,United States,40.57142857142857
Google Shopping.txt,5,0.3854034396118333,0.18518518518518517,1,0.12848555313387205,0.037037037037037035,1,0.1717706990073953,0.038461538461538464,2,0.20495400770957667,0.07692307692307693,0,0.12587971250701746,0.0,0,0.21865830444825982,0.0,0,0.08945429661710888,0.0,0.14864864864864868,63.0,0.06451612903225812,58.0,0.35416666666666663,31.0,0.5490196078431373,23.0,0.0,42.0,0.0,33.0,0.0,48.0,Google Shopping,eCommerce,United States,42.57142857142857
Google Play.txt,5,0.3854034396118333,0.18518518518518517,1,0.12848555313387205,0.037037037037037035,1,0.1717706990073953,0.038461538461538464,2,0.20490324412718808,0.07692307692307693,0,0.12587971250701746,0.0,0,0.21865830444825982,0.0,0,0.08940123598626357,0.0,0.14864864864864868,63.0,0.06451612903225812,58.0,0.35416666666666663,31.0,0.5490196078431373,23.0,0.0,42.0,0.0,33.0,0.0,48.0,Google Play,Software,United States,42.57142857142857
Google Maps.txt,5,0.38495358539737645,0.18518518518518517,1,0.12848555313387205,0.037037037037037035,1,0.1717706990073953,0.038461538461538464,2,0.20495400770957667,0.07692307692307693,0,0.12587971250701746,0.0,0,0.21865830444825982,0.0,0,0.08940123598626357,0.0,0.14864864864864868,63.0,0.06451612903225812,58.0,0.35416666666666663,31.0,0.5490196078431373,23.0,0.0,42.0,0.0,33.0,0.0,48.0,Google Maps,Software,United States,42.57142857142857
Telegram.txt,2,0.3948673108598789,0.25,1,0.16669338046526103,0.125,0,0.10406144035712511,0.0,0,0.16566972680657668,0.0,0,0.09786280500263497,0.0,0,0.16615021191504317,0.0,0,0.07722428419454064,0.0,0.2432432432432432,56.0,0.6451612903225806,22.0,0.0,48.0,0.0,51.0,0.0,42.0,0.0,33.0,0.0,48.0,Telegram,Social Media,United Arab Emirates,42.857142857142854
blablacar.co.uk.txt,41,0.4721467860859672,0.41414141414141414,5,0.12465618618092279,0.049019607843137254,0,0.11487929095248688,0.0,0,0.15574082068251163,0.0,0,0.07189496401735751,0.0,0,0.18532313436079553,0.0,1,0.07881476404297932,0.010101010101010102,0.5945945945945945,30.0,0.19354838709677424,50.0,0.0,48.0,0.0,51.0,0.0,42.0,0.0,33.0,0.02083333333333337,47.0,BlaBlaCar,Travel,France,43.0
Fresha.txt,2,0.3675390821463245,0.09523809523809523,1,0.12038963801319699,0.047619047619047616,1,0.12229355811469526,0.05,1,0.1788837033958166,0.05,0,0.09930137699210513,0.0,0,0.1736774211112286,0.0,0,0.07220905782238055,0.0,0.05405405405405406,70.0,0.16129032258064513,52.0,0.45833333333333337,26.0,0.3529411764705882,33.0,0.0,42.0,0.0,33.0,0.0,48.0,Fresha,eCommerce,United Kingdom,43.42857142857143
Google Search.txt,3,0.36529261744498775,0.11538461538461539,1,0.126730052100044,0.037037037037037035,1,0.1678440463261564,0.038461538461538464,2,0.2052356874025318,0.07692307692307693,0,0.12529051005176214,0.0,0,0.212467909655287,0.0,0,0.08581288770349385,0.0,0.06756756756756754,69.0,0.06451612903225812,58.0,0.35416666666666663,31.0,0.5490196078431373,23.0,0.0,42.0,0.0,33.0,0.0,48.0,Google Search,Search Engine,United States,43.42857142857143
Instagram.txt,5,0.39749287767588887,0.25,0,0.08558622524814288,0.0,0,0.09613507124713469,0.0,0,0.11927983265725474,0.0,1,0.12741343664248728,0.05,0,0.20501159692156207,0.0,0,0.08256938595751637,0.0,0.2432432432432432,56.0,0.0,62.0,0.0,48.0,0.0,51.0,0.5476190476190477,19.0,0.0,33.0,0.0,48.0,Instagram,Social Media,United States,45.285714285714285
Facebook.txt,6,0.36777654603389404,0.1935483870967742,0,0.10085950514429941,0.0,0,0.10840417074221705,0.0,0,0.134426441332554,0.0,1,0.12281520628629386,0.03125,0,0.230966353904619,0.0,1,0.09019267890318632,0.03225806451612903,0.17567567567567566,61.0,0.0,62.0,0.0,48.0,0.0,51.0,0.30952380952380953,29.0,0.0,33.0,0.16666666666666663,40.0,Facebook,Social Media,United States,46.285714285714285
Roblox.txt,90,0.36599233146294663,0.17077798861480076,12,0.12465327135765294,0.022304832713754646,5,0.13369012638393224,0.009523809523809525,11,0.1808214645343983,0.021568627450980392,1,0.11181656529247716,0.0018796992481203006,4,0.18596112303032677,0.007619047619047619,29,0.12419973393518939,0.05566218809980806,0.10810810810810811,66.0,0.016129032258064502,61.0,0.02083333333333337,47.0,0.0980392156862745,46.0,0.023809523809523836,41.0,0.06060606060606055,31.0,0.3125,33.0,Roblox,Gaming,United States,46.42857142857143
Threads.txt,3,0.40247129025648015,0.3,0,0.09764526379891639,0.0,0,0.08036080431315154,0.0,0,0.1060400318076849,0.0,0,0.06896578386419717,0.0,0,0.1798206349535276,0.0,0,0.06179043584451235,0.0,0.33783783783783783,49.0,0.0,62.0,0.0,48.0,0.0,51.0,0.0,42.0,0.0,33.0,0.0,48.0,Threads,Social Media,United States,47.57142857142857
Reserve with Google.txt,1,0.3741046988571567,0.2,0,0.1062577475818042,0.0,0,0.10369636898427251,0.0,0,0.14695533030815988,0.0,0,0.07607093971955543,0.0,0,0.16320080818909755,0.0,0,0.07473073352945299,0.0,0.18918918918918914,60.0,0.0,62.0,0.0,48.0,0.0,51.0,0.0,42.0,0.0,33.0,0.0,48.0,Reserve with Google,Travel,United States,49.142857142857146
Zalando.txt,3,0.3396649205776799,0.13636363636363635,0,0.1014869961096391,0.0,0,0.11750563530361378,0.0,0,0.131192595182043,0.0,0,0.09507250062948792,0.0,0,0.16778533255748718,0.0,0,0.08138333754934161,0.0,0.08108108108108103,68.0,0.0,62.0,0.0,48.0,0.0,51.0,0.0,42.0,0.0,33.0,0.0,48.0,Zalando,eCommerce,Germany,50.285714285714285
